"id";"origin";"product_uos_qty";"create_date";"move_dest_id";"product_uom";"price_unit";"product_uom_qty";"company_id";"date";"product_qty";"product_uos";"location_id";"priority";"picking_type_id";"partner_id";"note";"state";"origin_returned_move_id";"product_packaging";"date_expected";"procurement_id";"name";"create_uid";"warehouse_id";"inventory_id";"partially_available";"propagate";"restrict_partner_id";"procure_method";"write_uid";"restrict_lot_id";"group_id";"product_id";"split_from";"picking_id";"location_dest_id";"write_date";"push_rule_id";"rule_id";"invoice_state";"purchase_line_id";"consumed_for";"raw_material_production_id";"production_id";"weight";"weight_net";"weight_uom_id";"auto_move";"x_imb_y";"x_imb_x";"x_imb_z"
28258;"";;"2017-07-28 08:53:52.016971";;1;;10.000;1;"2017-07-28 08:53:52";10.0;;5;"1";;;"";"done";;;"2017-07-28 08:53:52";;"INV:INV: Almeria completo lenzuola varie misure";6;;11815;f;t;;"make_to_stock";6;;;29567;;;12;"2017-07-28 08:53:52.016971";;;"none";;;;;0.00;0.00;3;f;;;
28259;"";;"2017-07-28 08:53:53.263499";;1;;10.000;1;"2017-07-28 08:53:53";10.0;;5;"1";;;"";"done";;;"2017-07-28 08:53:53";;"INV:INV: Almeria completo lenzuola varie misure";6;;11816;f;t;;"make_to_stock";6;;;29569;;;12;"2017-07-28 08:53:53.263499";;;"none";;;;;0.00;0.00;3;f;;;
28260;"";;"2017-07-28 08:53:54.294941";;1;;10.000;1;"2017-07-28 08:53:54";10.0;;5;"1";;;"";"done";;;"2017-07-28 08:53:54";;"INV:INV: Almeria completo lenzuola varie misure";6;;11817;f;t;;"make_to_stock";6;;;29570;;;12;"2017-07-28 08:53:54.294941";;;"none";;;;;0.00;0.00;3;f;;;
28261;"";;"2017-07-28 08:53:55.481303";;1;;10.000;1;"2017-07-28 08:53:55";10.0;;5;"1";;;"";"done";;;"2017-07-28 08:53:55";;"INV:INV: Almeria completo lenzuola varie misure";6;;11818;f;t;;"make_to_stock";6;;;29572;;;12;"2017-07-28 08:53:55.481303";;;"none";;;;;0.00;0.00;3;f;;;
28262;"";;"2017-07-28 08:53:56.238912";;1;;10.000;1;"2017-07-28 08:53:56";10.0;;5;"1";;;"";"done";;;"2017-07-28 08:53:56";;"INV:INV: Almeria completo lenzuola varie misure";6;;11819;f;t;;"make_to_stock";6;;;29573;;;12;"2017-07-28 08:53:56.238912";;;"none";;;;;0.00;0.00;3;f;;;
28263;"";;"2017-07-28 08:53:57.46705";;1;;10.000;1;"2017-07-28 08:53:57";10.0;;5;"1";;;"";"done";;;"2017-07-28 08:53:57";;"INV:INV: Almeria completo lenzuola varie misure";6;;11820;f;t;;"make_to_stock";6;;;29575;;;12;"2017-07-28 08:53:57.46705";;;"none";;;;;0.00;0.00;3;f;;;
28264;"";;"2017-07-28 08:53:58.240869";;1;;10.000;1;"2017-07-28 08:53:58";10.0;;5;"1";;;"";"done";;;"2017-07-28 08:53:58";;"INV:INV: Almeria completo lenzuola varie misure";6;;11821;f;t;;"make_to_stock";6;;;29576;;;12;"2017-07-28 08:53:58.240869";;;"none";;;;;0.00;0.00;3;f;;;
28265;"";;"2017-07-28 08:53:59.421165";;1;;10.000;1;"2017-07-28 08:53:59";10.0;;5;"1";;;"";"done";;;"2017-07-28 08:53:59";;"INV:INV: Almeria completo lenzuola varie misure";6;;11822;f;t;;"make_to_stock";6;;;29578;;;12;"2017-07-28 08:53:59.421165";;;"none";;;;;0.00;0.00;3;f;;;
28266;"";;"2017-07-28 08:54:00.629696";;1;;10.000;1;"2017-07-28 08:54:00";10.0;;5;"1";;;"";"done";;;"2017-07-28 08:54:00";;"INV:INV: Almeria Copripiumino varie misure";6;;11823;f;t;;"make_to_stock";6;;;29579;;;12;"2017-07-28 08:54:00.629696";;;"none";;;;;0.00;0.00;3;f;;;
28267;"";;"2017-07-28 08:54:01.935271";;1;;10.000;1;"2017-07-28 08:54:02";10.0;;5;"1";;;"";"done";;;"2017-07-28 08:54:02";;"INV:INV: Almeria Copripiumino varie misure";6;;11824;f;t;;"make_to_stock";6;;;29581;;;12;"2017-07-28 08:54:01.935271";;;"none";;;;;0.00;0.00;3;f;;;
28268;"";;"2017-07-28 08:54:02.74994";;1;;10.000;1;"2017-07-28 08:54:03";10.0;;5;"1";;;"";"done";;;"2017-07-28 08:54:02";;"INV:INV: Almeria Copripiumino varie misure";6;;11825;f;t;;"make_to_stock";6;;;29582;;;12;"2017-07-28 08:54:02.74994";;;"none";;;;;0.00;0.00;3;f;;;
28269;"";;"2017-07-28 08:54:03.892334";;1;;10.000;1;"2017-07-28 08:54:04";10.0;;5;"1";;;"";"done";;;"2017-07-28 08:54:04";;"INV:INV: Almeria Copripiumino varie misure";6;;11826;f;t;;"make_to_stock";6;;;29584;;;12;"2017-07-28 08:54:03.892334";;;"none";;;;;0.00;0.00;3;f;;;
28270;"";;"2017-07-28 08:54:04.663609";;1;;10.000;1;"2017-07-28 08:54:04";10.0;;5;"1";;;"";"done";;;"2017-07-28 08:54:04";;"INV:INV: Almeria Copripiumino varie misure";6;;11827;f;t;;"make_to_stock";6;;;29585;;;12;"2017-07-28 08:54:04.663609";;;"none";;;;;0.00;0.00;3;f;;;
28271;"";;"2017-07-28 08:54:05.919376";;1;;10.000;1;"2017-07-28 08:54:06";10.0;;5;"1";;;"";"done";;;"2017-07-28 08:54:06";;"INV:INV: Almeria Copripiumino varie misure";6;;11828;f;t;;"make_to_stock";6;;;29587;;;12;"2017-07-28 08:54:05.919376";;;"none";;;;;0.00;0.00;3;f;;;
28272;"";;"2017-07-28 08:54:06.71977";;1;;10.000;1;"2017-07-28 08:54:06";10.0;;5;"1";;;"";"done";;;"2017-07-28 08:54:06";;"INV:INV: Almeria Copripiumino varie misure";6;;11829;f;t;;"make_to_stock";6;;;29588;;;12;"2017-07-28 08:54:06.71977";;;"none";;;;;0.00;0.00;3;f;;;
28273;"";;"2017-07-28 08:54:07.880117";;1;;10.000;1;"2017-07-28 08:54:08";10.0;;5;"1";;;"";"done";;;"2017-07-28 08:54:08";;"INV:INV: Almeria Copripiumino varie misure";6;;11830;f;t;;"make_to_stock";6;;;29590;;;12;"2017-07-28 08:54:07.880117";;;"none";;;;;0.00;0.00;3;f;;;
28274;"";;"2017-07-28 08:54:09.070888";;1;;10.000;1;"2017-07-28 08:54:09";10.0;;5;"1";;;"";"done";;;"2017-07-28 08:54:09";;"INV:INV: Almeria Foular telo arredo varie misure";6;;11831;f;t;;"make_to_stock";6;;;29591;;;12;"2017-07-28 08:54:09.070888";;;"none";;;;;0.00;0.00;3;f;;;
28275;"";;"2017-07-28 08:54:09.809808";;1;;10.000;1;"2017-07-28 08:54:10";10.0;;5;"1";;;"";"done";;;"2017-07-28 08:54:10";;"INV:INV: Almeria Foular telo arredo varie misure";6;;11832;f;t;;"make_to_stock";6;;;29592;;;12;"2017-07-28 08:54:09.809808";;;"none";;;;;0.00;0.00;3;f;;;
28276;"";;"2017-07-28 08:54:10.646369";;1;;10.000;1;"2017-07-28 08:54:10";10.0;;5;"1";;;"";"done";;;"2017-07-28 08:54:10";;"INV:INV: Almeria Foular telo arredo varie misure";6;;11833;f;t;;"make_to_stock";6;;;29593;;;12;"2017-07-28 08:54:10.646369";;;"none";;;;;0.00;0.00;3;f;;;
28277;"";;"2017-07-28 08:54:11.36685";;1;;10.000;1;"2017-07-28 08:54:11";10.0;;5;"1";;;"";"done";;;"2017-07-28 08:54:11";;"INV:INV: Almeria Foular telo arredo varie misure";6;;11834;f;t;;"make_to_stock";6;;;29594;;;12;"2017-07-28 08:54:11.36685";;;"none";;;;;0.00;0.00;3;f;;;
28278;"";;"2017-07-28 08:54:12.142217";;1;;10.000;1;"2017-07-28 08:54:12";10.0;;5;"1";;;"";"done";;;"2017-07-28 08:54:12";;"INV:INV: Almeria Foular telo arredo varie misure";6;;11835;f;t;;"make_to_stock";6;;;29595;;;12;"2017-07-28 08:54:12.142217";;;"none";;;;;0.00;0.00;3;f;;;
28279;"";;"2017-07-28 08:54:12.88435";;1;;10.000;1;"2017-07-28 08:54:13";10.0;;5;"1";;;"";"done";;;"2017-07-28 08:54:13";;"INV:INV: Almeria Foular telo arredo varie misure";6;;11836;f;t;;"make_to_stock";6;;;29596;;;12;"2017-07-28 08:54:12.88435";;;"none";;;;;0.00;0.00;3;f;;;
28280;"";;"2017-07-28 08:54:13.693498";;1;;10.000;1;"2017-07-28 08:54:13";10.0;;5;"1";;;"";"done";;;"2017-07-28 08:54:13";;"INV:INV: Almeria Foular telo arredo varie misure";6;;11837;f;t;;"make_to_stock";6;;;29597;;;12;"2017-07-28 08:54:13.693498";;;"none";;;;;0.00;0.00;3;f;;;
28281;"";;"2017-07-28 08:54:14.456046";;1;;10.000;1;"2017-07-28 08:54:14";10.0;;5;"1";;;"";"done";;;"2017-07-28 08:54:14";;"INV:INV: Almeria Foular telo arredo varie misure";6;;11838;f;t;;"make_to_stock";6;;;29598;;;12;"2017-07-28 08:54:14.456046";;;"none";;;;;0.00;0.00;3;f;;;
28282;"";;"2017-07-28 08:54:16.549851";;1;;50.000;1;"2017-07-28 08:54:16";50.0;;5;"1";;;"";"done";;;"2017-07-28 08:54:16";;"INV:INV: Microfibra Accappatoio per bambino";6;;11839;f;t;;"make_to_stock";6;;;29599;;;12;"2017-07-28 08:54:16.549851";;;"none";;;;;0.00;0.00;3;f;;;
28283;"";;"2017-07-28 08:54:17.345923";;1;;50.000;1;"2017-07-28 08:54:17";50.0;;5;"1";;;"";"done";;;"2017-07-28 08:54:17";;"INV:INV: Microfibra Accappatoio per bambino";6;;11840;f;t;;"make_to_stock";6;;;29600;;;12;"2017-07-28 08:54:17.345923";;;"none";;;;;0.00;0.00;3;f;;;
28284;"";;"2017-07-28 08:54:18.133432";;1;;50.000;1;"2017-07-28 08:54:18";50.0;;5;"1";;;"";"done";;;"2017-07-28 08:54:18";;"INV:INV: Microfibra Accappatoio per bambino";6;;11841;f;t;;"make_to_stock";6;;;29601;;;12;"2017-07-28 08:54:18.133432";;;"none";;;;;0.00;0.00;3;f;;;
28285;"";;"2017-07-28 08:54:18.873755";;1;;50.000;1;"2017-07-28 08:54:19";50.0;;5;"1";;;"";"done";;;"2017-07-28 08:54:19";;"INV:INV: Microfibra Accappatoio per bambino";6;;11842;f;t;;"make_to_stock";6;;;29602;;;12;"2017-07-28 08:54:18.873755";;;"none";;;;;0.00;0.00;3;f;;;
28286;"";;"2017-07-28 08:54:20.124597";;1;;50.000;1;"2017-07-28 08:54:20";50.0;;5;"1";;;"";"done";;;"2017-07-28 08:54:20";;"INV:INV: Microfibra Accappatoio per bambino";6;;11843;f;t;;"make_to_stock";6;;;29604;;;12;"2017-07-28 08:54:20.124597";;;"none";;;;;0.00;0.00;3;f;;;
28287;"";;"2017-07-28 08:54:20.85369";;1;;50.000;1;"2017-07-28 08:54:21";50.0;;5;"1";;;"";"done";;;"2017-07-28 08:54:21";;"INV:INV: Microfibra Accappatoio per bambino";6;;11844;f;t;;"make_to_stock";6;;;29605;;;12;"2017-07-28 08:54:20.85369";;;"none";;;;;0.00;0.00;3;f;;;
28288;"";;"2017-07-28 08:54:21.615288";;1;;50.000;1;"2017-07-28 08:54:21";50.0;;5;"1";;;"";"done";;;"2017-07-28 08:54:21";;"INV:INV: Microfibra Accappatoio per bambino";6;;11845;f;t;;"make_to_stock";6;;;29606;;;12;"2017-07-28 08:54:21.615288";;;"none";;;;;0.00;0.00;3;f;;;
28289;"";;"2017-07-28 08:54:22.391086";;1;;50.000;1;"2017-07-28 08:54:22";50.0;;5;"1";;;"";"done";;;"2017-07-28 08:54:22";;"INV:INV: Microfibra Accappatoio per bambino";6;;11846;f;t;;"make_to_stock";6;;;29607;;;12;"2017-07-28 08:54:22.391086";;;"none";;;;;0.00;0.00;3;f;;;
28290;"";;"2017-07-28 08:54:23.135506";;1;;3.000;1;"2017-07-28 08:54:23";3.0;;5;"1";;;"";"done";;;"2017-07-28 08:54:23";;"INV:INV: Microfibra Accappatoio per bambino";6;;11847;f;t;;"make_to_stock";6;;;29608;;;12;"2017-07-28 08:54:23.135506";;;"none";;;;;0.00;0.00;3;f;;;
28291;"";;"2017-07-28 08:54:23.900525";;1;;50.000;1;"2017-07-28 08:54:24";50.0;;5;"1";;;"";"done";;;"2017-07-28 08:54:24";;"INV:INV: Microfibra Accappatoio per bambino";6;;11848;f;t;;"make_to_stock";6;;;29609;;;12;"2017-07-28 08:54:23.900525";;;"none";;;;;0.00;0.00;3;f;;;
28292;"";;"2017-07-28 08:54:24.713385";;1;;50.000;1;"2017-07-28 08:54:24";50.0;;5;"1";;;"";"done";;;"2017-07-28 08:54:24";;"INV:INV: Microfibra Accappatoio per bambino";6;;11849;f;t;;"make_to_stock";6;;;29610;;;12;"2017-07-28 08:54:24.713385";;;"none";;;;;0.00;0.00;3;f;;;
28293;"";;"2017-07-28 08:54:25.510386";;1;;50.000;1;"2017-07-28 08:54:25";50.0;;5;"1";;;"";"done";;;"2017-07-28 08:54:25";;"INV:INV: Microfibra Accappatoio per bambino";6;;11850;f;t;;"make_to_stock";6;;;29611;;;12;"2017-07-28 08:54:25.510386";;;"none";;;;;0.00;0.00;3;f;;;
28294;"";;"2017-07-28 08:54:26.299748";;1;;50.000;1;"2017-07-28 08:54:26";50.0;;5;"1";;;"";"done";;;"2017-07-28 08:54:26";;"INV:INV: Microfibra Accappatoio per bambino";6;;11851;f;t;;"make_to_stock";6;;;29612;;;12;"2017-07-28 08:54:26.299748";;;"none";;;;;0.00;0.00;3;f;;;
28295;"";;"2017-07-28 08:54:27.068694";;1;;2.000;1;"2017-07-28 08:54:27";2.0;;5;"1";;;"";"done";;;"2017-07-28 08:54:27";;"INV:INV: Microfibra Accappatoio per bambino";6;;11852;f;t;;"make_to_stock";6;;;29613;;;12;"2017-07-28 08:54:27.068694";;;"none";;;;;0.00;0.00;3;f;;;
28296;"";;"2017-07-28 08:54:27.862662";;1;;50.000;1;"2017-07-28 08:54:28";50.0;;5;"1";;;"";"done";;;"2017-07-28 08:54:28";;"INV:INV: Microfibra Accappatoio per bambino";6;;11853;f;t;;"make_to_stock";6;;;29614;;;12;"2017-07-28 08:54:27.862662";;;"none";;;;;0.00;0.00;3;f;;;
28297;"";;"2017-07-28 08:54:28.634598";;1;;50.000;1;"2017-07-28 08:54:28";50.0;;5;"1";;;"";"done";;;"2017-07-28 08:54:28";;"INV:INV: Microfibra Accappatoio per bambino";6;;11854;f;t;;"make_to_stock";6;;;29615;;;12;"2017-07-28 08:54:28.634598";;;"none";;;;;0.00;0.00;3;f;;;
28298;"";;"2017-07-28 08:54:29.460001";;1;;50.000;1;"2017-07-28 08:54:29";50.0;;5;"1";;;"";"done";;;"2017-07-28 08:54:29";;"INV:INV: Microfibra Accappatoio per bambino";6;;11855;f;t;;"make_to_stock";6;;;29616;;;12;"2017-07-28 08:54:29.460001";;;"none";;;;;0.00;0.00;3;f;;;
28299;"";;"2017-07-28 08:54:30.231185";;1;;50.000;1;"2017-07-28 08:54:30";50.0;;5;"1";;;"";"done";;;"2017-07-28 08:54:30";;"INV:INV: Microfibra Accappatoio per bambino";6;;11856;f;t;;"make_to_stock";6;;;29617;;;12;"2017-07-28 08:54:30.231185";;;"none";;;;;0.00;0.00;3;f;;;
28300;"";;"2017-07-28 08:54:31.492304";;1;;50.000;1;"2017-07-28 08:54:31";50.0;;5;"1";;;"";"done";;;"2017-07-28 08:54:31";;"INV:INV: Microfibra Accappatoio per bambino";6;;11857;f;t;;"make_to_stock";6;;;29619;;;12;"2017-07-28 08:54:31.492304";;;"none";;;;;0.00;0.00;3;f;;;
28301;"";;"2017-07-28 08:54:32.288251";;1;;50.000;1;"2017-07-28 08:54:32";50.0;;5;"1";;;"";"done";;;"2017-07-28 08:54:32";;"INV:INV: Microfibra Accappatoio per bambino";6;;11858;f;t;;"make_to_stock";6;;;29620;;;12;"2017-07-28 08:54:32.288251";;;"none";;;;;0.00;0.00;3;f;;;
28302;"";;"2017-07-28 08:54:33.047332";;1;;50.000;1;"2017-07-28 08:54:33";50.0;;5;"1";;;"";"done";;;"2017-07-28 08:54:33";;"INV:INV: Microfibra Accappatoio per bambino";6;;11859;f;t;;"make_to_stock";6;;;29621;;;12;"2017-07-28 08:54:33.047332";;;"none";;;;;0.00;0.00;3;f;;;
28303;"";;"2017-07-28 08:54:33.822673";;1;;50.000;1;"2017-07-28 08:54:34";50.0;;5;"1";;;"";"done";;;"2017-07-28 08:54:34";;"INV:INV: Microfibra Accappatoio per bambino";6;;11860;f;t;;"make_to_stock";6;;;29622;;;12;"2017-07-28 08:54:33.822673";;;"none";;;;;0.00;0.00;3;f;;;
28304;"";;"2017-07-28 08:54:35.436633";;1;;50.000;1;"2017-07-28 08:54:35";50.0;;5;"1";;;"";"done";;;"2017-07-28 08:54:35";;"INV:INV: Microfibra Accappatoio per bambino";6;;11861;f;t;;"make_to_stock";6;;;29624;;;12;"2017-07-28 08:54:35.436633";;;"none";;;;;0.00;0.00;3;f;;;
28305;"";;"2017-07-28 08:54:36.202504";;1;;50.000;1;"2017-07-28 08:54:36";50.0;;5;"1";;;"";"done";;;"2017-07-28 08:54:36";;"INV:INV: Microfibra Accappatoio per bambino";6;;11862;f;t;;"make_to_stock";6;;;29625;;;12;"2017-07-28 08:54:36.202504";;;"none";;;;;0.00;0.00;3;f;;;
28306;"";;"2017-07-28 08:54:36.983079";;1;;50.000;1;"2017-07-28 08:54:37";50.0;;5;"1";;;"";"done";;;"2017-07-28 08:54:37";;"INV:INV: Microfibra Accappatoio per bambino";6;;11863;f;t;;"make_to_stock";6;;;29626;;;12;"2017-07-28 08:54:36.983079";;;"none";;;;;0.00;0.00;3;f;;;
28307;"";;"2017-07-28 08:54:37.768276";;1;;50.000;1;"2017-07-28 08:54:38";50.0;;5;"1";;;"";"done";;;"2017-07-28 08:54:37";;"INV:INV: Microfibra Accappatoio per bambino";6;;11864;f;t;;"make_to_stock";6;;;29627;;;12;"2017-07-28 08:54:37.768276";;;"none";;;;;0.00;0.00;3;f;;;
28308;"";;"2017-07-28 08:54:39.055953";;1;;50.000;1;"2017-07-28 08:54:39";50.0;;5;"1";;;"";"done";;;"2017-07-28 08:54:39";;"INV:INV: Microfibra Accappatoio per bambino";6;;11865;f;t;;"make_to_stock";6;;;29629;;;12;"2017-07-28 08:54:39.055953";;;"none";;;;;0.00;0.00;3;f;;;
28309;"";;"2017-07-28 08:54:39.867246";;1;;50.000;1;"2017-07-28 08:54:40";50.0;;5;"1";;;"";"done";;;"2017-07-28 08:54:40";;"INV:INV: Microfibra Accappatoio per bambino";6;;11866;f;t;;"make_to_stock";6;;;29630;;;12;"2017-07-28 08:54:39.867246";;;"none";;;;;0.00;0.00;3;f;;;
28310;"";;"2017-07-28 08:54:40.682466";;1;;50.000;1;"2017-07-28 08:54:41";50.0;;5;"1";;;"";"done";;;"2017-07-28 08:54:40";;"INV:INV: Microfibra Accappatoio per bambino";6;;11867;f;t;;"make_to_stock";6;;;29631;;;12;"2017-07-28 08:54:40.682466";;;"none";;;;;0.00;0.00;3;f;;;
28311;"";;"2017-07-28 08:54:41.553282";;1;;50.000;1;"2017-07-28 08:54:41";50.0;;5;"1";;;"";"done";;;"2017-07-28 08:54:41";;"INV:INV: Microfibra Accappatoio per bambino";6;;11868;f;t;;"make_to_stock";6;;;29632;;;12;"2017-07-28 08:54:41.553282";;;"none";;;;;0.00;0.00;3;f;;;
28312;"";;"2017-07-28 08:54:43.259471";;1;;80.000;1;"2017-07-28 08:54:43";80.0;;5;"1";;;"";"done";;;"2017-07-28 08:54:43";;"INV:INV: Microfibra Accappatoio Tecnico";6;;11869;f;t;;"make_to_stock";6;;;12337;;;12;"2017-07-28 08:54:43.259471";;;"none";;;;;0.00;0.00;3;f;;;
28313;"";;"2017-07-28 08:54:44.017847";;1;;80.000;1;"2017-07-28 08:54:44";80.0;;5;"1";;;"";"done";;;"2017-07-28 08:54:44";;"INV:INV: Microfibra Accappatoio Tecnico";6;;11870;f;t;;"make_to_stock";6;;;12338;;;12;"2017-07-28 08:54:44.017847";;;"none";;;;;0.00;0.00;3;f;;;
28314;"";;"2017-07-28 08:54:44.801748";;1;;80.000;1;"2017-07-28 08:54:45";80.0;;5;"1";;;"";"done";;;"2017-07-28 08:54:44";;"INV:INV: Microfibra Accappatoio Tecnico";6;;11871;f;t;;"make_to_stock";6;;;12339;;;12;"2017-07-28 08:54:44.801748";;;"none";;;;;0.00;0.00;3;f;;;
28315;"";;"2017-07-28 08:54:45.591565";;1;;80.000;1;"2017-07-28 08:54:45";80.0;;5;"1";;;"";"done";;;"2017-07-28 08:54:45";;"INV:INV: Microfibra Accappatoio Tecnico";6;;11872;f;t;;"make_to_stock";6;;;12340;;;12;"2017-07-28 08:54:45.591565";;;"none";;;;;0.00;0.00;3;f;;;
28316;"";;"2017-07-28 08:54:46.355953";;1;;80.000;1;"2017-07-28 08:54:46";80.0;;5;"1";;;"";"done";;;"2017-07-28 08:54:46";;"INV:INV: Microfibra Accappatoio Tecnico";6;;11873;f;t;;"make_to_stock";6;;;12341;;;12;"2017-07-28 08:54:46.355953";;;"none";;;;;0.00;0.00;3;f;;;
28317;"";;"2017-07-28 08:54:47.147824";;1;;80.000;1;"2017-07-28 08:54:47";80.0;;5;"1";;;"";"done";;;"2017-07-28 08:54:47";;"INV:INV: Microfibra Accappatoio Tecnico";6;;11874;f;t;;"make_to_stock";6;;;12342;;;12;"2017-07-28 08:54:47.147824";;;"none";;;;;0.00;0.00;3;f;;;
28318;"";;"2017-07-28 08:54:47.900009";;1;;80.000;1;"2017-07-28 08:54:48";80.0;;5;"1";;;"";"done";;;"2017-07-28 08:54:48";;"INV:INV: Microfibra Accappatoio Tecnico";6;;11875;f;t;;"make_to_stock";6;;;12343;;;12;"2017-07-28 08:54:47.900009";;;"none";;;;;0.00;0.00;3;f;;;
28319;"";;"2017-07-28 08:54:48.650487";;1;;80.000;1;"2017-07-28 08:54:48";80.0;;5;"1";;;"";"done";;;"2017-07-28 08:54:48";;"INV:INV: Microfibra Accappatoio Tecnico";6;;11876;f;t;;"make_to_stock";6;;;12344;;;12;"2017-07-28 08:54:48.650487";;;"none";;;;;0.00;0.00;3;f;;;
28320;"";;"2017-07-28 08:54:49.462688";;1;;80.000;1;"2017-07-28 08:54:49";80.0;;5;"1";;;"";"done";;;"2017-07-28 08:54:49";;"INV:INV: Microfibra Accappatoio Tecnico";6;;11877;f;t;;"make_to_stock";6;;;12345;;;12;"2017-07-28 08:54:49.462688";;;"none";;;;;0.00;0.00;3;f;;;
28321;"";;"2017-07-28 08:54:50.266618";;1;;80.000;1;"2017-07-28 08:54:50";80.0;;5;"1";;;"";"done";;;"2017-07-28 08:54:50";;"INV:INV: Microfibra Accappatoio Tecnico";6;;11878;f;t;;"make_to_stock";6;;;12346;;;12;"2017-07-28 08:54:50.266618";;;"none";;;;;0.00;0.00;3;f;;;
28322;"";;"2017-07-28 08:54:51.077268";;1;;80.000;1;"2017-07-28 08:54:51";80.0;;5;"1";;;"";"done";;;"2017-07-28 08:54:51";;"INV:INV: Microfibra Accappatoio Tecnico";6;;11879;f;t;;"make_to_stock";6;;;12347;;;12;"2017-07-28 08:54:51.077268";;;"none";;;;;0.00;0.00;3;f;;;
28323;"";;"2017-07-28 08:54:51.914202";;1;;80.000;1;"2017-07-28 08:54:52";80.0;;5;"1";;;"";"done";;;"2017-07-28 08:54:52";;"INV:INV: Microfibra Accappatoio Tecnico";6;;11880;f;t;;"make_to_stock";6;;;12348;;;12;"2017-07-28 08:54:51.914202";;;"none";;;;;0.00;0.00;3;f;;;
28324;"";;"2017-07-28 08:54:52.66032";;1;;80.000;1;"2017-07-28 08:54:52";80.0;;5;"1";;;"";"done";;;"2017-07-28 08:54:52";;"INV:INV: Microfibra Accappatoio Tecnico";6;;11881;f;t;;"make_to_stock";6;;;12349;;;12;"2017-07-28 08:54:52.66032";;;"none";;;;;0.00;0.00;3;f;;;
28325;"";;"2017-07-28 08:54:53.478132";;1;;80.000;1;"2017-07-28 08:54:53";80.0;;5;"1";;;"";"done";;;"2017-07-28 08:54:53";;"INV:INV: Microfibra Accappatoio Tecnico";6;;11882;f;t;;"make_to_stock";6;;;12350;;;12;"2017-07-28 08:54:53.478132";;;"none";;;;;0.00;0.00;3;f;;;
28326;"";;"2017-07-28 08:54:54.264983";;1;;80.000;1;"2017-07-28 08:54:54";80.0;;5;"1";;;"";"done";;;"2017-07-28 08:54:54";;"INV:INV: Microfibra Accappatoio Tecnico";6;;11883;f;t;;"make_to_stock";6;;;12351;;;12;"2017-07-28 08:54:54.264983";;;"none";;;;;0.00;0.00;3;f;;;
28327;"";;"2017-07-28 08:54:55.026547";;1;;80.000;1;"2017-07-28 08:54:55";80.0;;5;"1";;;"";"done";;;"2017-07-28 08:54:55";;"INV:INV: Microfibra Accappatoio Tecnico";6;;11884;f;t;;"make_to_stock";6;;;12352;;;12;"2017-07-28 08:54:55.026547";;;"none";;;;;0.00;0.00;3;f;;;
28328;"";;"2017-07-28 08:54:55.820277";;1;;80.000;1;"2017-07-28 08:54:56";80.0;;5;"1";;;"";"done";;;"2017-07-28 08:54:56";;"INV:INV: Microfibra Accappatoio Tecnico";6;;11885;f;t;;"make_to_stock";6;;;12353;;;12;"2017-07-28 08:54:55.820277";;;"none";;;;;0.00;0.00;3;f;;;
28329;"";;"2017-07-28 08:54:56.671";;1;;80.000;1;"2017-07-28 08:54:56";80.0;;5;"1";;;"";"done";;;"2017-07-28 08:54:56";;"INV:INV: Microfibra Accappatoio Tecnico";6;;11886;f;t;;"make_to_stock";6;;;12354;;;12;"2017-07-28 08:54:56.671";;;"none";;;;;0.00;0.00;3;f;;;
28330;"";;"2017-07-28 08:54:57.502548";;1;;80.000;1;"2017-07-28 08:54:57";80.0;;5;"1";;;"";"done";;;"2017-07-28 08:54:57";;"INV:INV: Microfibra Accappatoio Tecnico";6;;11887;f;t;;"make_to_stock";6;;;12355;;;12;"2017-07-28 08:54:57.502548";;;"none";;;;;0.00;0.00;3;f;;;
28331;"";;"2017-07-28 08:54:58.556238";;1;;80.000;1;"2017-07-28 08:54:59";80.0;;5;"1";;;"";"done";;;"2017-07-28 08:54:58";;"INV:INV: Microfibra Accappatoio Tecnico";6;;11888;f;t;;"make_to_stock";6;;;12356;;;12;"2017-07-28 08:54:58.556238";;;"none";;;;;0.00;0.00;3;f;;;
28332;"";;"2017-07-28 08:54:59.588605";;1;;80.000;1;"2017-07-28 08:54:59";80.0;;5;"1";;;"";"done";;;"2017-07-28 08:54:59";;"INV:INV: Microfibra Accappatoio Tecnico";6;;11889;f;t;;"make_to_stock";6;;;12357;;;12;"2017-07-28 08:54:59.588605";;;"none";;;;;0.00;0.00;3;f;;;
28333;"";;"2017-07-28 08:55:00.395781";;1;;80.000;1;"2017-07-28 08:55:00";80.0;;5;"1";;;"";"done";;;"2017-07-28 08:55:00";;"INV:INV: Microfibra Accappatoio Tecnico";6;;11890;f;t;;"make_to_stock";6;;;12358;;;12;"2017-07-28 08:55:00.395781";;;"none";;;;;0.00;0.00;3;f;;;
28334;"";;"2017-07-28 08:55:01.185904";;1;;80.000;1;"2017-07-28 08:55:01";80.0;;5;"1";;;"";"done";;;"2017-07-28 08:55:01";;"INV:INV: Microfibra Accappatoio Tecnico";6;;11891;f;t;;"make_to_stock";6;;;12359;;;12;"2017-07-28 08:55:01.185904";;;"none";;;;;0.00;0.00;3;f;;;
28335;"";;"2017-07-28 08:55:02.008677";;1;;80.000;1;"2017-07-28 08:55:02";80.0;;5;"1";;;"";"done";;;"2017-07-28 08:55:02";;"INV:INV: Microfibra Accappatoio Tecnico";6;;11892;f;t;;"make_to_stock";6;;;12360;;;12;"2017-07-28 08:55:02.008677";;;"none";;;;;0.00;0.00;3;f;;;
28336;"";;"2017-07-28 08:55:02.829161";;1;;80.000;1;"2017-07-28 08:55:03";80.0;;5;"1";;;"";"done";;;"2017-07-28 08:55:02";;"INV:INV: Microfibra Accappatoio Tecnico";6;;11893;f;t;;"make_to_stock";6;;;12361;;;12;"2017-07-28 08:55:02.829161";;;"none";;;;;0.00;0.00;3;f;;;
28337;"";;"2017-07-28 08:55:03.61382";;1;;80.000;1;"2017-07-28 08:55:03";80.0;;5;"1";;;"";"done";;;"2017-07-28 08:55:03";;"INV:INV: Microfibra Accappatoio Tecnico";6;;11894;f;t;;"make_to_stock";6;;;12362;;;12;"2017-07-28 08:55:03.61382";;;"none";;;;;0.00;0.00;3;f;;;
28338;"";;"2017-07-28 08:55:04.417188";;1;;80.000;1;"2017-07-28 08:55:04";80.0;;5;"1";;;"";"done";;;"2017-07-28 08:55:04";;"INV:INV: Microfibra Accappatoio Tecnico";6;;11895;f;t;;"make_to_stock";6;;;12363;;;12;"2017-07-28 08:55:04.417188";;;"none";;;;;0.00;0.00;3;f;;;
28339;"";;"2017-07-28 08:55:05.229715";;1;;80.000;1;"2017-07-28 08:55:05";80.0;;5;"1";;;"";"done";;;"2017-07-28 08:55:05";;"INV:INV: Microfibra Accappatoio Tecnico";6;;11896;f;t;;"make_to_stock";6;;;12364;;;12;"2017-07-28 08:55:05.229715";;;"none";;;;;0.00;0.00;3;f;;;
28340;"";;"2017-07-28 08:55:06.023468";;1;;80.000;1;"2017-07-28 08:55:06";80.0;;5;"1";;;"";"done";;;"2017-07-28 08:55:06";;"INV:INV: Microfibra Accappatoio Tecnico";6;;11897;f;t;;"make_to_stock";6;;;12365;;;12;"2017-07-28 08:55:06.023468";;;"none";;;;;0.00;0.00;3;f;;;
28341;"";;"2017-07-28 08:55:06.808742";;1;;80.000;1;"2017-07-28 08:55:07";80.0;;5;"1";;;"";"done";;;"2017-07-28 08:55:06";;"INV:INV: Microfibra Accappatoio Tecnico";6;;11898;f;t;;"make_to_stock";6;;;12366;;;12;"2017-07-28 08:55:06.808742";;;"none";;;;;0.00;0.00;3;f;;;
28342;"";;"2017-07-28 08:55:10.114928";;1;;80.000;1;"2017-07-28 08:55:10";80.0;;5;"1";;;"";"done";;;"2017-07-28 08:55:10";;"INV:INV: Microfibra Accappatoio Tecnico";6;;11899;f;t;;"make_to_stock";6;;;12372;;;12;"2017-07-28 08:55:10.114928";;;"none";;;;;0.00;0.00;3;f;;;
28343;"";;"2017-07-28 08:55:11.039993";;1;;80.000;1;"2017-07-28 08:55:11";80.0;;5;"1";;;"";"done";;;"2017-07-28 08:55:11";;"INV:INV: Microfibra Accappatoio Tecnico";6;;11900;f;t;;"make_to_stock";6;;;12373;;;12;"2017-07-28 08:55:11.039993";;;"none";;;;;0.00;0.00;3;f;;;
28344;"";;"2017-07-28 08:55:11.86677";;1;;80.000;1;"2017-07-28 08:55:12";80.0;;5;"1";;;"";"done";;;"2017-07-28 08:55:12";;"INV:INV: Microfibra Accappatoio Tecnico";6;;11901;f;t;;"make_to_stock";6;;;12374;;;12;"2017-07-28 08:55:11.86677";;;"none";;;;;0.00;0.00;3;f;;;
28345;"";;"2017-07-28 08:55:12.69884";;1;;80.000;1;"2017-07-28 08:55:12";80.0;;5;"1";;;"";"done";;;"2017-07-28 08:55:12";;"INV:INV: Microfibra Accappatoio Tecnico";6;;11902;f;t;;"make_to_stock";6;;;12375;;;12;"2017-07-28 08:55:12.69884";;;"none";;;;;0.00;0.00;3;f;;;
28346;"";;"2017-07-28 08:55:13.489713";;1;;80.000;1;"2017-07-28 08:55:14";80.0;;5;"1";;;"";"done";;;"2017-07-28 08:55:13";;"INV:INV: Microfibra Accappatoio Tecnico";6;;11903;f;t;;"make_to_stock";6;;;12376;;;12;"2017-07-28 08:55:13.489713";;;"none";;;;;0.00;0.00;3;f;;;
28347;"";;"2017-07-28 08:55:14.635716";;1;;10.000;1;"2017-07-28 08:55:14";10.0;;5;"1";;;"";"done";;;"2017-07-28 08:55:14";;"INV:INV: Microfibra Accappatoio Tecnico";6;;11904;f;t;;"make_to_stock";6;;;12377;;;12;"2017-07-28 08:55:14.635716";;;"none";;;;;0.00;0.00;3;f;;;
28348;"";;"2017-07-28 08:55:15.415768";;1;;10.000;1;"2017-07-28 08:55:15";10.0;;5;"1";;;"";"done";;;"2017-07-28 08:55:15";;"INV:INV: Microfibra Accappatoio Tecnico";6;;11905;f;t;;"make_to_stock";6;;;12378;;;12;"2017-07-28 08:55:15.415768";;;"none";;;;;0.00;0.00;3;f;;;
28349;"";;"2017-07-28 08:55:16.196386";;1;;10.000;1;"2017-07-28 08:55:16";10.0;;5;"1";;;"";"done";;;"2017-07-28 08:55:16";;"INV:INV: Microfibra Accappatoio Tecnico";6;;11906;f;t;;"make_to_stock";6;;;12379;;;12;"2017-07-28 08:55:16.196386";;;"none";;;;;0.00;0.00;3;f;;;
28350;"";;"2017-07-28 08:55:16.957795";;1;;10.000;1;"2017-07-28 08:55:17";10.0;;5;"1";;;"";"done";;;"2017-07-28 08:55:17";;"INV:INV: Microfibra Accappatoio Tecnico";6;;11907;f;t;;"make_to_stock";6;;;12380;;;12;"2017-07-28 08:55:16.957795";;;"none";;;;;0.00;0.00;3;f;;;
28351;"";;"2017-07-28 08:55:18.178249";;1;;80.000;1;"2017-07-28 08:55:18";80.0;;5;"1";;;"";"done";;;"2017-07-28 08:55:18";;"INV:INV: Microfibra Accappatoio Tecnico";6;;11908;f;t;;"make_to_stock";6;;;12382;;;12;"2017-07-28 08:55:18.178249";;;"none";;;;;0.00;0.00;3;f;;;
28352;"";;"2017-07-28 08:55:18.946189";;1;;80.000;1;"2017-07-28 08:55:19";80.0;;5;"1";;;"";"done";;;"2017-07-28 08:55:19";;"INV:INV: Microfibra Accappatoio Tecnico";6;;11909;f;t;;"make_to_stock";6;;;12383;;;12;"2017-07-28 08:55:18.946189";;;"none";;;;;0.00;0.00;3;f;;;
28353;"";;"2017-07-28 08:55:19.747735";;1;;80.000;1;"2017-07-28 08:55:20";80.0;;5;"1";;;"";"done";;;"2017-07-28 08:55:19";;"INV:INV: Microfibra Accappatoio Tecnico";6;;11910;f;t;;"make_to_stock";6;;;12384;;;12;"2017-07-28 08:55:19.747735";;;"none";;;;;0.00;0.00;3;f;;;
28354;"";;"2017-07-28 08:55:20.564739";;1;;80.000;1;"2017-07-28 08:55:20";80.0;;5;"1";;;"";"done";;;"2017-07-28 08:55:20";;"INV:INV: Microfibra Accappatoio Tecnico";6;;11911;f;t;;"make_to_stock";6;;;12385;;;12;"2017-07-28 08:55:20.564739";;;"none";;;;;0.00;0.00;3;f;;;
28355;"";;"2017-07-28 08:55:21.319873";;1;;80.000;1;"2017-07-28 08:55:21";80.0;;5;"1";;;"";"done";;;"2017-07-28 08:55:21";;"INV:INV: Microfibra Accappatoio Tecnico";6;;11912;f;t;;"make_to_stock";6;;;12386;;;12;"2017-07-28 08:55:21.319873";;;"none";;;;;0.00;0.00;3;f;;;
28356;"";;"2017-07-28 08:55:22.114341";;1;;20.000;1;"2017-07-28 08:55:22";20.0;;5;"1";;;"";"done";;;"2017-07-28 08:55:22";;"INV:INV: Microfibra Accappatoio Tecnico";6;;11913;f;t;;"make_to_stock";6;;;12387;;;12;"2017-07-28 08:55:22.114341";;;"none";;;;;0.00;0.00;3;f;;;
28357;"";;"2017-07-28 08:55:22.874151";;1;;20.000;1;"2017-07-28 08:55:23";20.0;;5;"1";;;"";"done";;;"2017-07-28 08:55:23";;"INV:INV: Microfibra Accappatoio Tecnico";6;;11914;f;t;;"make_to_stock";6;;;12388;;;12;"2017-07-28 08:55:22.874151";;;"none";;;;;0.00;0.00;3;f;;;
28358;"";;"2017-07-28 08:55:23.700705";;1;;20.000;1;"2017-07-28 08:55:23";20.0;;5;"1";;;"";"done";;;"2017-07-28 08:55:23";;"INV:INV: Microfibra Accappatoio Tecnico";6;;11915;f;t;;"make_to_stock";6;;;12389;;;12;"2017-07-28 08:55:23.700705";;;"none";;;;;0.00;0.00;3;f;;;
28359;"";;"2017-07-28 08:55:24.467359";;1;;20.000;1;"2017-07-28 08:55:24";20.0;;5;"1";;;"";"done";;;"2017-07-28 08:55:24";;"INV:INV: Microfibra Accappatoio Tecnico";6;;11916;f;t;;"make_to_stock";6;;;12390;;;12;"2017-07-28 08:55:24.467359";;;"none";;;;;0.00;0.00;3;f;;;
28360;"";;"2017-07-28 08:55:25.71157";;1;;3.000;1;"2017-07-28 08:55:25";3.0;;5;"1";;;"";"done";;;"2017-07-28 08:55:25";;"INV:INV: Microfibra Accappatoio Tecnico";6;;11917;f;t;;"make_to_stock";6;;;12392;;;12;"2017-07-28 08:55:25.71157";;;"none";;;;;0.00;0.00;3;f;;;
28361;"";;"2017-07-28 08:55:28.118881";;1;;30.000;1;"2017-07-28 08:55:28";30.0;;5;"1";;;"";"done";;;"2017-07-28 08:55:28";;"INV:INV: Microfibra Accappatoio Tecnico";6;;11918;f;t;;"make_to_stock";6;;;12396;;;12;"2017-07-28 08:55:28.118881";;;"none";;;;;0.00;0.00;3;f;;;
28362;"";;"2017-07-28 08:55:29.069535";;1;;30.000;1;"2017-07-28 08:55:29";30.0;;5;"1";;;"";"done";;;"2017-07-28 08:55:29";;"INV:INV: Microfibra Accappatoio Tecnico";6;;11919;f;t;;"make_to_stock";6;;;12397;;;12;"2017-07-28 08:55:29.069535";;;"none";;;;;0.00;0.00;3;f;;;
28363;"";;"2017-07-28 08:55:29.86419";;1;;30.000;1;"2017-07-28 08:55:30";30.0;;5;"1";;;"";"done";;;"2017-07-28 08:55:30";;"INV:INV: Microfibra Accappatoio Tecnico";6;;11920;f;t;;"make_to_stock";6;;;12398;;;12;"2017-07-28 08:55:29.86419";;;"none";;;;;0.00;0.00;3;f;;;
28364;"";;"2017-07-28 08:55:30.629237";;1;;30.000;1;"2017-07-28 08:55:30";30.0;;5;"1";;;"";"done";;;"2017-07-28 08:55:30";;"INV:INV: Microfibra Accappatoio Tecnico";6;;11921;f;t;;"make_to_stock";6;;;12399;;;12;"2017-07-28 08:55:30.629237";;;"none";;;;;0.00;0.00;3;f;;;
28365;"";;"2017-07-28 08:55:31.365867";;1;;30.000;1;"2017-07-28 08:55:31";30.0;;5;"1";;;"";"done";;;"2017-07-28 08:55:31";;"INV:INV: Microfibra Accappatoio Tecnico";6;;11922;f;t;;"make_to_stock";6;;;12400;;;12;"2017-07-28 08:55:31.365867";;;"none";;;;;0.00;0.00;3;f;;;
28366;"";;"2017-07-28 08:55:32.612716";;1;;78.000;1;"2017-07-28 08:55:32";78.0;;5;"1";;;"";"done";;;"2017-07-28 08:55:32";;"INV:INV: Microfibra Accappatoio Tecnico";6;;11923;f;t;;"make_to_stock";6;;;12402;;;12;"2017-07-28 08:55:32.612716";;;"none";;;;;0.00;0.00;3;f;;;
28367;"";;"2017-07-28 08:55:33.407953";;1;;80.000;1;"2017-07-28 08:55:33";80.0;;5;"1";;;"";"done";;;"2017-07-28 08:55:33";;"INV:INV: Microfibra Accappatoio Tecnico";6;;11924;f;t;;"make_to_stock";6;;;12403;;;12;"2017-07-28 08:55:33.407953";;;"none";;;;;0.00;0.00;3;f;;;
28368;"";;"2017-07-28 08:55:34.188706";;1;;80.000;1;"2017-07-28 08:55:34";80.0;;5;"1";;;"";"done";;;"2017-07-28 08:55:34";;"INV:INV: Microfibra Accappatoio Tecnico";6;;11925;f;t;;"make_to_stock";6;;;12404;;;12;"2017-07-28 08:55:34.188706";;;"none";;;;;0.00;0.00;3;f;;;
28369;"";;"2017-07-28 08:55:34.987802";;1;;80.000;1;"2017-07-28 08:55:35";80.0;;5;"1";;;"";"done";;;"2017-07-28 08:55:35";;"INV:INV: Microfibra Accappatoio Tecnico";6;;11926;f;t;;"make_to_stock";6;;;12405;;;12;"2017-07-28 08:55:34.987802";;;"none";;;;;0.00;0.00;3;f;;;
28370;"";;"2017-07-28 08:55:35.775965";;1;;80.000;1;"2017-07-28 08:55:36";80.0;;5;"1";;;"";"done";;;"2017-07-28 08:55:35";;"INV:INV: Microfibra Accappatoio Tecnico";6;;11927;f;t;;"make_to_stock";6;;;12406;;;12;"2017-07-28 08:55:35.775965";;;"none";;;;;0.00;0.00;3;f;;;
28371;"";;"2017-07-28 08:55:36.558034";;1;;80.000;1;"2017-07-28 08:55:36";80.0;;5;"1";;;"";"done";;;"2017-07-28 08:55:36";;"INV:INV: Microfibra Accappatoio Tecnico";6;;11928;f;t;;"make_to_stock";6;;;12407;;;12;"2017-07-28 08:55:36.558034";;;"none";;;;;0.00;0.00;3;f;;;
28372;"";;"2017-07-28 08:55:37.32802";;1;;80.000;1;"2017-07-28 08:55:37";80.0;;5;"1";;;"";"done";;;"2017-07-28 08:55:37";;"INV:INV: Microfibra Accappatoio Tecnico";6;;11929;f;t;;"make_to_stock";6;;;12408;;;12;"2017-07-28 08:55:37.32802";;;"none";;;;;0.00;0.00;3;f;;;
28373;"";;"2017-07-28 08:55:38.109993";;1;;80.000;1;"2017-07-28 08:55:38";80.0;;5;"1";;;"";"done";;;"2017-07-28 08:55:38";;"INV:INV: Microfibra Accappatoio Tecnico";6;;11930;f;t;;"make_to_stock";6;;;12409;;;12;"2017-07-28 08:55:38.109993";;;"none";;;;;0.00;0.00;3;f;;;
28374;"";;"2017-07-28 08:55:38.882311";;1;;80.000;1;"2017-07-28 08:55:39";80.0;;5;"1";;;"";"done";;;"2017-07-28 08:55:39";;"INV:INV: Microfibra Accappatoio Tecnico";6;;11931;f;t;;"make_to_stock";6;;;12410;;;12;"2017-07-28 08:55:38.882311";;;"none";;;;;0.00;0.00;3;f;;;
28375;"";;"2017-07-28 08:55:39.646644";;1;;80.000;1;"2017-07-28 08:55:39";80.0;;5;"1";;;"";"done";;;"2017-07-28 08:55:39";;"INV:INV: Microfibra Accappatoio Tecnico";6;;11932;f;t;;"make_to_stock";6;;;12411;;;12;"2017-07-28 08:55:39.646644";;;"none";;;;;0.00;0.00;3;f;;;
28376;"";;"2017-07-28 08:55:40.417187";;1;;1.000;1;"2017-07-28 08:55:40";1.0;;5;"1";;;"";"done";;;"2017-07-28 08:55:40";;"INV:INV: Microfibra Accappatoio Tecnico";6;;11933;f;t;;"make_to_stock";6;;;12412;;;12;"2017-07-28 08:55:40.417187";;;"none";;;;;0.00;0.00;3;f;;;
28377;"";;"2017-07-28 08:55:42.207117";;1;;1.000;1;"2017-07-28 08:55:42";1.0;;5;"1";;;"";"done";;;"2017-07-28 08:55:42";;"INV:INV: Microfibra Accappatoio Tecnico";6;;11934;f;t;;"make_to_stock";6;;;12415;;;12;"2017-07-28 08:55:42.207117";;;"none";;;;;0.00;0.00;3;f;;;
28378;"";;"2017-07-28 08:55:43.49328";;1;;1.000;1;"2017-07-28 08:55:43";1.0;;5;"1";;;"";"done";;;"2017-07-28 08:55:43";;"INV:INV: Microfibra Accappatoio Tecnico";6;;11935;f;t;;"make_to_stock";6;;;12417;;;12;"2017-07-28 08:55:43.49328";;;"none";;;;;0.00;0.00;3;f;;;
28379;"";;"2017-07-28 08:55:45.613159";;1;;2.000;1;"2017-07-28 08:55:45";2.0;;5;"1";;;"";"done";;;"2017-07-28 08:55:45";;"INV:INV: Microfibra Accappatoio Tecnico";6;;11936;f;t;;"make_to_stock";6;;;12420;;;12;"2017-07-28 08:55:45.613159";;;"none";;;;;0.00;0.00;3;f;;;
28380;"";;"2017-07-28 08:55:48.312872";;1;;1.000;1;"2017-07-28 08:55:48";1.0;;5;"1";;;"";"done";;;"2017-07-28 08:55:48";;"INV:INV: Osso tappetino cuccia cani varie misure";6;;11937;f;t;;"make_to_stock";6;;;29722;;;12;"2017-07-28 08:55:48.312872";;;"none";;;;;0.16;0.16;3;f;;;
28381;"";;"2017-07-28 08:55:49.038474";;1;;1.000;1;"2017-07-28 08:55:49";1.0;;5;"1";;;"";"done";;;"2017-07-28 08:55:49";;"INV:INV: Osso tappetino cuccia cani varie misure";6;;11938;f;t;;"make_to_stock";6;;;29723;;;12;"2017-07-28 08:55:49.038474";;;"none";;;;;0.16;0.16;3;f;;;
